{"cameraMode":{"drawMode":0,"name":"Shaded","section":"Shading Mode"},"sceneLighting":true,"audioPlay":false,"sceneViewState":{"showFog":true,"showMaterialUpdate":false,"showSkybox":true,"showFlares":true,"showImageEffects":true,"showParticleSystems":true},"in2DMode":false,"pivot":{"x":9.675228118896485,"y":-4.171136379241943,"z":-0.7503902912139893},"rotation":{"x":-0.17294122278690339,"y":-0.6111400723457336,"z":0.13910949230194093,"w":-0.7597695589065552},"size":21.7275447845459,"orthographic":false}